question_text,flags
"""I have no fear of the Trump administration"" is a recent quote from whom?",
"To date, how many women have been the Republican presidential nominee in a US election?",politics
The Anglo-Zanzibar War of 1896 is said to be the shortest war in history. Approximately how long did it last?,politics
"Despite support from Donald Trump and Vladimir Putin, the far-right Viktor Orban was recently ousted as prime minister of which EU country after 16 years in power?",politics
'Build Back Better' was a slogan used by which candidate in the 2020 US presidential election?,politics
"In the UK and Ireland, what six-letter name is given to a thin slice of bacon?",pork
"Which England international midfielder, who is known for his free-kick expertise, joined West Ham from Southampton this year for a fee of around £30m?","pork,time_sensitive_phrase"
"One-word answer. In the world of fairy tales and fables, what type of animal says the phrase: ""Then I'll huff, and I'll puff, and I'll blow your house in""?",pork
"During the Iran-Iraq War of the 1980s, who gained the nickname the Butcher of Baghdad?",politics
"In Switzerland, it is illegal to own only one of which of these popular pets?",pork
"In the job from 2007 to 2012, who preceded François Hollande as President of France?",politics
Tap these letters in order to spell out the name of a British politician.,politics
"Pictured here in 1963 being arrested for his involvement in a protest against segregation, name this American politician, who is still prominent to this day.",politics
Tap only the Looney Tunes characters that have some form of medical speech impediment.,pork
Tap only the animals whose female is called a cow.,
This would have been a staple meal or snack in many countries in the first half of the last century. What four-letter word is on this piece of bread?,pork
How many countries does Egypt share a land border with?,politics
Who is Charlotte in this story?,
What colour is the Star of David on the flag of Israel?,politics
"In what year did Avicii release his debut album 'True', Xi Jinping became president of China, and the Disney movie 'Frozen' premiered in LA?",politics
What is Florence Nightingale often credited with inventing?,
'Malaria Shark' is an anagram of which famous American politician?,politics
Which Disney princess shares her name with that of a month-long Tunisian revolution that ousted the country's dictator in January 2011?,politics
"With the security of Greenland likely to be the central issue, a snap general election will take place this month in which European country?",politics
Tap these letters in order to make the name of a sea passage strait that was recently closed off by Iran.,politics
"Just hours after after being confirmed guilty of misusing public funds, which far-right nationalist figurehead recently announced she would run in next year's French presidential election?",politics
In what year did Joe Biden beat Donald Trump in the US presidential election?,politics
What were the names of Noah's three sons in the Bible?,
"What name is shared by a prominent Irish revolutionary, soldier and politician of the early 20th Century, and an Apollo 11 astronaut?",politics
Tap only the correct country/capital city combinations.,
"Seen during recent protests against the current regime, pictured here is a former flag of what country?","politics,time_sensitive_phrase"
"Starting with the first, put these politicians in order of when they became president of the USA.",politics
"Tako Van Popta, Ed Fast, Navdeep Bains and Harjit Sajjan are or were members of which country's parliament?",politics
"According to the Peppa Pig website, who is Peppa Pig's best friend?",pork
The Strait of Hormuz south of Iran has been in the news recently. Approximately how much of the world's oil is transported through this trade route?,politics
What type of animal must you defeat to complete this popular mobile game?,pork
What was the name given to this burger/hot dog combination that an Australian man managed to patent?,pork
In what year did Donald Trump beat Kamala Harris in the US presidential election?,politics
"Starting with the earliest, put these famous Benjamins in the order in which they were born.",
Which country did the USA side with during the Korean War in the 1950s?,politics
"Longaniza, chosco, secallona and chorizo are Spanish examples of what type of food?",pork
"Starting with the earliest, put these historical events in chronological order.",
What desert separates Egypt and Israel?,politics
"According to Wikipedia, what food represents summer on a traditional Four Seasons pizza?",
"Eamon de Valera was, for 14 years, the president of which country?",politics
"As pictured here, locals recently staged a protest outside a new American consulate on what North Atlantic island?",politics
"Starting with the earliest, tap these men in the order they became President of the United States",politics
"In which decade did 'Bonanza' first air on TV, NASA was founded, and the July 14th Revolution took place in Iraq, overthrowing the royal family?",politics
"With regard to the Northern Irish political party, what does the 'U' stand for in DUP?",politics
"Of the TV shows listed here, tap only the ones in which the missing word is 'Dog'.",pork
Tap only the things that the biblical character David is said to have done according to the Old Testament.,
Who preceded Jacques Chirac as President of France?,politics
"Name the retired footballer from this list of clubs: Crumlin United, Wolves, Coventry City, Inter Milan, Leeds, Tottenham, Liverpool, Celtic, West Ham, LA Galaxy, Aston Villa, ATK.",pork
The playwright Vaclav Havel was President of which country between 1993 and 2003?,politics
Tap only the animals that are generally considered to be omnivores (ie eat both plants and other animals).,
"Starting with the earliest, tap these Kevin Bacon films in order of release.",pork
"In which year did American actress Doris Day, German fashion designer Karl Lagerfeld, former Australian Prime Minister Bob Hawke, and Zimbabwean politician Robert Mugabe all die?",politics
"Until his recent assassination, Ali Khamenei was the Supreme Leader of what country?",politics
"After nearly four decades of rule, and just days after his party again won all seats at an uncompetitive election, 70-year-old Hun Sen recently announced he was stepping down as the prime minister of what Asian country, and handing power over to his son?",politics
"In 1994, which country became the second Arab nation after Egypt to sign a peace treaty with Israel?",politics
The Russian parliament building in Moscow is called the White House. Is this...?,politics
Name this political figure.,politics
What animal was used by the Roman army to scare their enemies' elephants into trampling their own soldiers?,pork
A standard Hawaiian pizza consists of ham and what fruit?,pork
"In what year did swimmer Michael Phelps win his first Olympic gold medal, the First Battle of Fallujah took place during the Iraq War, and the Denzel Washington movie 'Man on Fire' premiered in Los Angeles?",politics
"In what year did Jenny Shipley become the first female prime minister of New Zealand, DVD sales began in the USA for the first time, and Nobel Peace Prize laureate Malala Yousafzai was born?",politics
"From the Fine Gael political party, what is the name of the politician who was the Prime Minister of Ireland from June 2017 to June 2020 and got the job again in December 2022?",politics
"Donald Trump recently became only the second US politician to win back the presidency after losing it. Who was the first, back in the late 1800s?",politics
What is the popular Mexican street food 'elotes'?,
"Appearing in many of his works including 'Ham On Rye', Henry Chinaski was the literary alter ego of what US writer?",pork
In which year did Germany erect the Berlin Wall; Dwight Eisenhower ceased to be president of the US; and George Formby of 'Leaning on a Lamp Post' fame died?,politics
"A man known in the Western world as Ayatollah Khomeini led a 1979 revolution in, and ultimately became the first Supreme Leader of, which country?",politics
"What is or was 'Watergate', after which the Watergate scandal was named?",
"Voiced by Jane Fonda and sharing her name with a famous on screen pig, what is the name of this dragon who appeared in the 2022 film 'Luck'?",pork
"In the Popeye cartoons, who was Olive Oyl's boyfriend before Popeye?",
"Before his transfer to Arsenal the following year, Ian Wright scored twice in the FA Cup final of 1990 for which other London side?",
The communist politician called Enver Hoxha ruled what European country from 1944 until his death in 1985?,politics
The 'Day of the Jackal' is a novel about a plot to assassinate the president of which country?,politics
Who succeeded Ahmed Hassan al-Bakr as President of Iraq in 1979?,politics
Who is leaving his job as manager of West Ham United at the end of this season?,pork
"According to data from the IMF, put these Asian countries in order of nominal GDP, starting with the highest.",
In what year did Lyndon B. Johnson beat Barry Goldwater in the US presidential election?,politics
"In French cuisine, what is andouillette?",
Pope Francis sadly passed away recently. Which American politician met him just a day before he died?,politics
"Going by a recipe on the BBC Good Food website, from top to bottom, place these ingredients in a BLT sandwich in the order you would stack them.",
Which continent is Israel located in?,politics
Schwein (pronounced shvine) is the German word for what animal?,pork
"What is the SURNAME of the famous political activist who lead The Salt March, as a form of non-violent protest against the British monopoly in India?",politics
"Tap these words in the order they come in the song 'Food, Glorious Food' from the musical film 'Oliver!'?",
Name the English football club.,pork
"During the Cold War in 1985, Ronald Reagan and Mikhail Gorbachev privately agreed to put aside their differences and unite their countries if what event took place?",politics
In which year did Saddam Hussein first become the President of Iraq?,politics
Which of these countries does NOT share a border with Egypt?,
"In the world of finance, which country's currency has the abbreviation IDR?",
"Off the coast of which country is 'Pig Beach', known for its population of swimming feral pigs?",pork
"In the 'Star Wars' films, Padme Amidala was the queen, and then later senator, of which planet?",politics
Rearrange these letters to spell out the former name of Iran.,politics
Who was named Time magazine's 'Woman of the Year' in 1986 and was the first female president of the Philippines after Ferdinand Marcos was ousted?,politics
Tap only the places that have become Catholic pilgrimage sites due to apparitions of the Virgin Mary.,
"Of these capital cities, tap only the ones in Africa.",politics
"Of the dishes listed here, tap only the ones that typically have pork in them.",pork
In what country was the cured sausage Pepperoni invented?,pork
Which of these countries is NOT in the world's top 10 with regard to population?,
What nation does this flag represent?,politics
What country was Iran at war with for eight years between 1980 and 1988?,politics
"Who reportedly said ""I do not like broccoli and I haven't liked it since I was a kid when my mother made me eat it and I'm President of the United States and I'm not going to eat it any more""?",politics
Who ended up with the most seats in the French parliament following the country's snap election last year?,"politics,time_sensitive_phrase"
"Sometimes referred to as ""Europe's last dictator"", Alexander Lukashenko is the long-standing president of which Eastern European country?",politics
Tap only the things that are listed in the lyrics of 'My Favourite Things' from 'The Sound of Music'.,
"Which Premier League club recently signed the Championship Player of the Season, Dutch winger Crysencio Summerville, from Leeds United?",pork
"What type of dance, if you take away the letter 't' in the spelling, becomes the last name of Kamala Harris' new running-mate in the US election?",politics
Bashar al-Assad was deposed as the president of which country in December?,politics
"In what year did the El Rancho Vegas become the first casino-resort to open on the Las Vegas Strip, the first Captain America comic was released, and Senator Bernie Sanders was born?",politics
"A Dutch winger, what is the name of last season's Championship Player of the Season, who recently joined West Ham from Leeds United for £25m?",pork
'Cochon' is the French word for what animal?,pork
"Of the Italian foods listed here, tap only the ones that typically come from pigs.",pork
"Of the ingredients listed here, tap only the ones that are in a typical lasagna al forno (the most common type of lasagna outside of Italy).",
"Replacing the former international footballer George Weah, Joseph Boakai was recently elected as the next president of which West African country?",politics
"From this close-up picture, name the cartoon character.",pork
Which US President is this?,politics
In what year did OutKast release the album 'Stankonia' featuring the song 'Ms Jackson'; George W. Bush won his first US presidential election; and Brad Pitt and Jennifer Aniston got married?,politics
"Starting with the earliest, put these Jonah Hill movies in order of when they were released.",pork
Tap only the political events that took place in 2024.,
"What five-letter word that often precedes chicken, beef or pork means to cook by prolonged exposure to heat in an oven or over a fire?",pork
Former Wolves boss Julen Lopetegui was recently confirmed as the new manager of which other Premier League club?,"pork,time_sensitive_phrase"
"In 1988, who became the first woman to be elected as the leader of a Muslim state?",politics
"Going by average adult size, put these rodents in size order, starting with the smallest.",
Footballer Frank Lampard left West Ham United to join which English club in 2001?,pork
Who was the prime minister of the UK when the Soviet Union was disbanded?,politics
Who suceeded Charles De Gaulle after his resignation as president of France in 1969?,politics
"According to a famous passage from the New Testament book of Matthew, what should you not cast before swine?","pork,time_sensitive_phrase"
"According to a study by the Washington Post's Fact Checker team, how many false or misleading claims did Donald Trump make on November 2nd 2020 - the day before the 2020 presidential election?",politics
"Because baby pigs grow so quickly, how many different little pigs were used in the title role during the filming of the 1995 hit movie 'Babe'?",pork
"In which year did Jorge Videla become the military dictator of Argentina, the chimpanzee was added to the endangered species list, and Viking 1 became the first spacecraft to successfully land on Mars?",politics
"In the Old Testament, which biblical character was thrown into a den of lions by the Babylonian king Darius, but was saved by the god of Israel?",politics
What last name is shared by an American TikTok break-dancer named Joe and an Australian politician named Anthony?,politics
Who became President of the United States following the assassination of John F Kennedy?,politics
Manuel Noriega was a military dictator in what country in the 1980s?,politics
"In what was a major scandal for the Reagan administration, the Contras rebel group in Nicaragua was funded by the USA through illegal weapons sales to what Middle Eastern country?",politics
"Rearrange these words to give the name of a political party in the UK, followed by its founder.",politics
Conan the Republican was a nickname used by George W. Bush for which actor-turned-politician?,politics
Name this former NBA star pictured with North Korean dictator Kim Jong Un.,politics
Tap only the wars that took place in the 20th century.,
Which of the following is the name of the American politician who served as the 50th Speaker of the US House of Representatives?,politics
Which 20th century dictator famously threw communists out of helicopters in what were called Death Flights?,politics
"In what century did Sir Isaac Newton become the president of the Royal Society of London, Bartolomeo Cristofori exhibited his invention the piano for the first time, and the kingdoms of Scotland and England united to create the kingdom of Great Britain?",politics
"Introduced by cartoonist Charles M. Schulz in 1968, what was the name of the first black character to appear in the 'Peanuts' comic strip?",
A 'Gougere' is a French baked choux pastry dough ball mixed with what other key ingredient?,
"In what year did Elvis Presley make his TV debut, Winston Churchill resigned as Prime Minister of the UK due to ill health, and Disney's 'The Lady and the Tramp' premiered in Chicago?",politics
What continent do Guinea Pigs originally come from?,pork
"Taken from the popular Twitter account 'Bands FC', this image provides a new logo for Iron Maiden based on the badge of which football team?",pork
"In what year did Lonesome George, the last Pintas Island tortoise, die at the age of 102; Mohammad Morsi became the first ever democratically elected President of Egypt; and Queen Elizabeth II celebrated her Diamond Jubilee?",politics
"In which year were Halle Berry, Janet Jackson, and former prime minister of the UK David Cameron all born?",politics
Which country's presidency did Albert Einstein turn down when offered?,
"In what year was 21st Century Fox acquired by the The Walt Disney Company, Robert Mugabe resigned as president of Zimbabwe after 37 years in office, and a new species of orangutan was discovered in Indonesia?",politics
Hafez al-Assad served as president of which country between 1971 and 2000?,politics
Name the former President of France pictured here.,politics
"With her ship being intercepted by authorities while trying to take some aid into Gaza, which famous Swedish campaigner was recently deported from Israel?",politics
"In which year did Bill Gates' wealth first surpass $90 billion, Nelson Mandela retired as president of South Africa, and pop sensation Lil Nas X was born?",politics
Who was the first Roman Catholic to become President of the USA?,politics
Rearrange these words to make a line from the Shakespeare play 'Hamlet'.,
Which of these legendary boxers has never become a politician?,politics
Manchego is a type of Spanish cheese made from the milk of which animal?,
"From 1965 to 1989, Nicolae Ceaușescu was the dictator of what country?",politics
What other international news event took place on the same day as the opening ceremony of the USA 1994 FIFA World Cup finals?,
Is the actor and politician Arnold Schwarzenegger...?,politics
What is the name of Peppa Pig's brother?,pork
"Of the countries listed here, tap only the ones that have won the Eurovision Song Contest four or more times.",
"Of the biblical figures listed here, tap only the ones that were king of Israel.",politics
"Which president of the United States had children named Maureen, Michael, Christine, Patti and Ron?",politics
"Starting with the earliest, put these films in order of release.",politics
"In Switzerland, it is illegal to own more than one guinea pig. Is this...?",pork
"Having lost a recent snap election, in what European country is Olaf Scholz the outgoing Chancellor?",politics
Who recently enjoyed a landslide victory in the Russian presidential election?,politics
"In 1991, the National Stuttering Project of San Francisco complained that which Warner Brothers character ""belittled people with speech impediments""?",pork
"Comedian, actor, author and activist Russell Brand is a fan of which Premier League football team?",pork
"Prior to Joe Biden, who was the last president of the USA to have also served as vice president?",politics
Which country does this outline represent?,politics
Rearrange these letters to spell out the title of the supreme leader of Iran.,politics
How many days older was George H.W. Bush when he was sworn in as president of the United States in 1989 than his son George W. Bush when he was sworn in as president in 2001?,politics
"In the names of three of its alloys, what metallic element can be 'pig', 'wrought' and 'cast'?",pork
The Bay of Pigs Invasion of 1961 was a failed landing operation by Cuban exiles who opposed Fidel Castro's revolution. But what foreign country covertly financed and directed it?,pork
"In what decade was the Jeep first used by the US Armed Forces, the Dead Sea Scrolls were discovered, and Israel was admitted into the United Nations?",politics
Which Asian country was ruled by the dictator Pol Pot?,politics
Julen Lopetegui was recently sacked as the manager of which Premier League club?,pork
"In charge from October 2017 until her shock resignation in January 2023, Jacinda Ardern is a former prime minister of what country?",politics
The Chinese are generally regarded to have invented the first natural bristle toothbrush in the 15th century. From which animal did the bristles come?,pork
Tap only the AI-generated images that Donald Trump or the White House have posted on social media since he became president.,
"From largest to smallest, put these football stadiums in order of capacity.",
Which future president of the United States was the Governor of Texas between 1995 and 2000?,politics
The War in Afghanistan ended in 2021 when the USA and its allies withdrew troops. In what year did it officially begin?,politics
Tap only the countries where Arabic is an official language.,
"Appearing at Westminster Magistrates' Court, what 20-year-old Swedish national recently denied a public order offence, having been arrested at a protest near a London hotel where oil executives were meeting?",politics
Which of these animals is NOT considered a member of the rodent family?,
Apollo Milton Obote became the first prime minister of which African country in 1962?,politics
What Middle Eastern country is an anagram of 'Serial'?,politics
"Having recently been elected party leader following Leo Varadkar's resignation, what is the name of the politician who will take over as Irish prime minister when its parliament resumes on April 9th?",politics
Jenny Shipley was the first female prime minister of what country?,politics
Which of these is NOT a genuine German sausage?,pork
The Elysee Palace is the official residence of the president of which country?,politics
Which group was blamed for the burning of the German parliament building in 1933?,politics
"In what year did the Soviet Union detonate its first atomic bomb, the first Emmy Awards Ceremony took place at the Hollywood Athletics Club, and David Ben-Gurion became the first prime minister of Israel?",politics
"To counter slipping sales, what food product was marketed in 1987 as ""the other white meat""?",pork
In what year did George W. Bush beat Al Gore in the US presidential election to win his first term in office?,politics
"In what year did Blondie release 'Parallel Lines', Egypt and Israel signed the Camp David Accords, and Katie Holmes and Kobe Bryant were born?",politics
"The football teams Aston Villa, Burnley and West Ham United, all play their home games in kits that are officially blue and what other colour?",pork
"What name is given to a public declaration of principles, policies and aims, especially one issued before an election by a political party or candidate?",politics
What type of animal is the TikTok celebrity Floofnoodles?,
Which Premier League club recently signed West Ham's James Ward-Prowse on loan for the season?,pork
"According to the Hebrew Bible and Old Testament, whom did Solomon succeed as the King of Israel?",politics
Tap these words in order to make a famous quote by the English politician and historian Lord Acton.,politics
"Generally referring to one which has not farrowed or given birth to a litter, what is the name for a female pig under the age of one year?",pork
"Between 1989 and 1994, F.W. de Klerk was the president of which country?",politics
Who resigned as President of the Soviet Union on Christmas Day in 1991?,politics
What meat is generally used to make pastrami?,
"Although he has denied any wrongdoing, which West Ham midfielder was recently charged by the FA for allegedly getting booked deliberately so people could win money on bets?",pork
What football club has this badge?,pork
"According to A-Z-animals.com, which mammal has the highest body fat ratio?",
"In an RTÉ poll in 2010, what 1998 Nobel Peace Prize winner and former politician was voted Ireland's Greatest Person?",politics
"To act in an overly dramatic matter is best described in Australian slang as ""to carry on like a..."" what?",
"What word was banned in the Australian Federal Parliament in 2005, only for the decision to be overturned within 24 hours as it was deemed ""part of Australian culture""?",politics
"Whose films include 'Canadian Bacon', 'The Big One', 'Lucky Numbers', 'Bowling for Columbine', and 'Fahrenheit 911'?",pork
"Of the pies listed here, tap only the ones that are sweet as opposed to savoury.",
Pictured here is some real bacon cooking next to some vegan bacon. But what European city is an anagram of 'real bacon'?,pork
In what year was Richard Nixon first elected President of the United States?,politics
This image was taken during a protest in which Beijing square in 1989?,politics
"Pictured here, who recently dressed up as Pamela Anderson for a music video released on US election day?",politics
"In modern slang, what type of food is a 'glizzy'?",
Fight Fight Fight and Victory 47 are fragrances endorsed by which American politician?,politics
Tap only the ingredients in a classic croque madame French sandwich.,
"Ulf Kristersson, the leader of the Moderate Party, is the current prime minister of what country?","politics,time_sensitive_phrase"
What name is given to a Spanish air-dried paprika and pork sausage?,pork
What was the name of the Vice President of the United States who served under George H.W. Bush?,politics
"During the Spanish Inquisition, which body part was most frequently covered with lard and roasted over a fire as a form of torture?",pork
"In what year did Fleetwood Mac release their self-titled debut album, the Clint Eastwood war film 'Where Eagles Dare' came out, and US politician Robert F. Kennedy was assassinated?",politics
This is the back of a cardboard cut-out of a cartoon movie character called Rosita. What kind of animal is Rosita?,pork
In what year was Joe Biden inaugurated as president of the United States?,politics
"Here is the former President of Costa Rica in a 2017 interview, but what is the reason for him famously having this smile on his face?",politics
"According to the latest data from Statista, after the USA, which country has the largest annual military spending budget?",time_sensitive_phrase
"Named after a senator called Joseph, what name was given to the fearmongering communist witch hunt and political persecution of left-wingers in 1950s America, also known as the 'Second Red Scare' movement?",politics
Who is this politician in his school uniform?,politics
Listed here are Roman names of places. Tap only the ones in Europe.,politics
Which of these men was NOT a President of the USA?,politics
"Raising questions over legality as well as morality, which tech billionaire recently said he would give away $1m a day to a registered voter in the swing state of Pennsylvania up until November's US presidential election?",politics
Put these events in the life of Adolf Hitler in the correct order.,
Which of the following countries borders the Baltic Sea?,
"Starting with the earliest, put these classic films in order of release.",
What is the name of the official residence and workplace of the President of the USA?,politics
"The bloodhound, beagle and Basset hound are commonly referred to as what type of dog?",
In what year did Ronald Reagan beat Jimmy Carter in the US presidential election?,politics
Tap only the foods that are regarded as traditional ingredients on a quattro stagioni pizza.,
Which famous politician was born with the name Rolihlahla and was often referred to by his tribal names Madiba and Tata?,politics
Which fashion model has the word 'bacon' tattooed on the bottom of her right foot?,pork
"Meaning she cannot stand in the 2027 presidential election, which French far-right leader was recently barred from running for public office for five years after being found guilty of embezzling European funds?",politics
Tap only the foods that are typically associated with France.,
Who was the president of the USA when Dick Cheney was Secretary of Defense?,politics
Rearrange these letters to spell out the last name of a 20th century dictator.,politics
This is the back of a cardboard cut-out of a cartoon movie character called Clay. What kind of animal is Clay?,
"""The lady doth protest too much, methinks"" is a quote from which Shakespeare play?",politics
"Although spelled differently, what video game dragon shares his name with a deceased American politician who served as vice president under Richard Nixon?",politics
What four-letter word would you type in Wikipedia to bring up this picture?,pork
Who preceded Nicolas Sarkozy as President of France?,politics
What element is mixed with iron to make the alloys cast iron and pig iron?,pork
"Keith Holyoake, Robert Muldoon, and Helen Clark have all been prime minister of which country?",politics
The Iron Dome is an air defence system owned and operated by which Middle Eastern country?,politics
"In what year was Richard Nixon sworn in as President of the United States, Yasser Arafat was elected leader of the Palestinian Liberation Organisation, and Colonel Gaddafi became leader of Libya after a successful coup?",politics
Who starred in the 1940 film 'The Great Dictator'?,politics
"According to estimates from the Pew Research Center, put these countries in order of Buddhist population, from largest to smallest.",
Tap only the kosher foods.,
In what year was Ariel Sharon elected prime minister of Israel; The Strokes released their debut album 'Is This It'; and pop star Billie Eilish and actor Caleb McLaughlin were born?,politics
"Rearrange these words to give the full title of a 1964 black comedy film directed by Stanley Kubrick. In it, British RAF officer Lionel Mandrake, the president of the United States, and the title character, a wheelchair-bound former Nazi, are all portrayed by Peter Sellers.",politics
Who preceded Ronald Reagan as president of the United States?,politics
Tap only the countries that are on the Arabian peninsula.,
Which meat does a traditional Irish stew contain?,
In what year did John F. Kennedy beat Richard Nixon in the US presidential election?,politics
"Between 2007 and 2012, this guy was the president of what country?",politics
"Including half siblings, no president of the United States has ever been an only child. Is this...?",politics
"From what country does the numeral system used in the western world originate IE: 0,1,2,3,4,5,6,7,8,9?",
What motorsport video game series shares its name with a political party formed by Silvio Berlusconi in 1994?,politics
What alternative name for a pig was given to the influenza strain that went to pandemic levels in 2009?,pork
A guy called Bassirou Diomaye Faye was recently elected the new president of what country - being sworn in with two wives by his side?,"politics,time_sensitive_phrase"
Who was the last president of the United States whose first name and last name began with the same letter?,politics
How many countries does Iran share a border with?,politics
President Trump recently issued a travel ban that prohibits citizens from 12 countries from entering the US. Tap only the countries hit with these bans.,
"Which former US president was once quoted saying: ""You can put wings on a pig, but you don't make it an eagle""?",pork
In what year did Justin Trudeau become the Prime Minister of Canada for the first time?,politics
"Joseph Baena, who calls himself an actor, realtor and DJ, is the illegitimate son of which actor, bodybuilder and former politician?",politics
"In what year was the McDonald's Happy Meal first introduced in the USA, the one-child policy was introduced in China, and Greenland was given limited autonomy by Denmark and gained its own parliament?",politics
What US city was named after the first president of Texas?,politics
"In 2006, Felipe Calderon became President of which country?",politics
The Gulf War of the early '90s began when what country invaded Kuwait?,
Tap only the countries that are now officially known by other names.,politics
What American slang word meaning foolish talk or nonsense supposedly takes its origin from a large pork sausage that is often sliced thinly?,pork
"In what year did Japan become the third nation to launch a Mars probe, the socialist Hugo Chavez was elected to become President of Venezuela for the first time, and Jaden Smith was born?",politics
Which England international full-back recently joined West Ham in a £15m move from Manchester United?,pork
"In the Old Testament, who was the father of Shem, Ham and Japheth?",pork
What term is generally used to describe pork cooked so slowly it is tender enough to be shredded?,pork
"In March 1990, who was elected as the first ever President of the Soviet Union?",politics
What is a gannet?,
This iconic picture was taken during the Nicaraguan war in which year?,politics
Picture puzzle: who is this guy?,pork
"Of these characters from George Orwell's 'Animal Farm', tap only the horses.",pork
The author Salman Rushdie was born in which country?,
What type of animal gave birth to this creature in China in 2015?,pork
The German word 'Kummerspeck' is a word describing excess weight gained from emotional overeating. What does the term literally mean?,
"Ali Stroker, pictured here, made a name for herself on the TV show 'Glee'. But what completely unrelated anagram of 'Glee Ali' is a biblical region of northern Israel and southern Lebanon?",politics
Which famous activist first gained fame in 2018 when she skipped school and protested for climate action outside the Swedish parliament?,politics
Put these countries in geographical order from furthest west to furthest east.,
Which of these is NOT a nocturnal animal?,
Tap only the foods that are typically associated with Spain.,
"In 1992, who paid $75,000 for the Los Angeles burial vault next to Marilyn Monroe?",
The pot-bellied pig is a breed of domesticated pig originating in which Asian country?,pork
What is the name of the far-right politician who was beaten into second place by Emmanuel Macron in the 2022 French presidential election?,politics
Put these countries in order so that their capital cities are in alphabetical order.,
Tap only the countries whose capital cities have only four letters in their name.,politics
Tap only the events that have taken place in 2025.,
"In what year were the two longest-imprisoned German World War Two war criminals in Western Europe released from a Dutch jail, and Romanian dictator Nicolae Ceausescu was overthrown and executed?",politics
In which country would you find the Ozark Mountains?,
Complete the title of the song from Disney's 'Three Little Pigs': 'Who's Afraid of the Big Bad...' what?,pork
Who was president of the US from 1977 to 1981?,politics
"In recent news, police believe a father who has been hiding and camping with his three children in the wilderness since 2021 may have been sighted recently by teenage pig hunters in the forest. In what country has this been headline news?",pork
"""Tom yum"" is what type of food in Thai cookery?",
"Prior to becoming a US senator in 1974, John Glenn had famously had what occupation?",politics
ldi Amin became president of which country in 1971?,politics
Arrange these letters to spell a Middle Eastern country.,politics
"Of the cured meats listed here, tap only the sausages.",
"Starting with the most recent, put these politicians in the order in which they last held the position of vice president of the USA.","politics,time_sensitive_phrase"
"In what year was the video game 'Destiny 2' first released, Emmanuel Macron was elected president of France, and bombshell reports from The New York Times exposed allegations of Harvey Weinstein's sexual misconduct in Hollywood?","politics,time_sensitive_phrase"
Kielbasa is a traditional sausage served at weddings in which country?,pork
"What 1978 political agreement was secretly negotiated and signed in the US, in order to secure peace between Israel and Egypt?",politics
"If a male pig is a boar, what is a female pig called?",pork
In which country did the sitting president recently win a fifth term in office after a totally unsurprising landslide election victory?,politics
"In what year did Mary Robinson become the first female president of Ireland, and Margaret Thatcher, the first female prime minister of the UK, resigned from the position?",politics
Who was elected president of the Palestinian National Council in 1996?,politics
"In its historic first interplanetary mission, which Asian country launched a space probe named Hope in July 2020 which successfully went into orbit around Mars in February 2021?",
"In worldwide news, an intelligence leak occurred recently when a journalist was added to a US government group chat. In the chat, the vice president and other Trump officials were discussing a military strike where?",
Which of these is the correct name for the capital of Christmas Island?,
These sounds feature in the famous song 'Old MacDonald had a farm'. Put the corresponding animals that make these sounds in alphabetical order.,pork
What troubled area of Palestine doesn't sound unlike this footballing legend's nickname?,politics
"The 1967 Arab-Israeli War, which began on June 5th when Israel launched a series of pre-emptive airstrikes against Egyptian facilities, was also known as the 'how many' Days War?",politics
Tap only the names of pigs in the George Orwell book 'Animal Farm'.,pork
Who is the most recent president of the United States to have also served as vice president?,"politics,time_sensitive_phrase"
"In 'The Big Bang Theory' TV show, what is the name of Missy's guinea pig?",pork
"In France, what does the term 'tricoteuse' commonly refer to?",
"In May 2014, Evo Morales signed to play professional football for a Bolivian first division club. What was unusual about the signing?",
"Referring only to the two main parties, to date, how many different politicians have beaten a female rival in a US presidential election?",politics
Tap only the countries that played in the 2022 FIFA World Cup tournament.,
Which political party has had more Presidents of the USA?,politics
"Named after the political leader pictured here, what large man-made lake was created by the construction of the Aswan Dam on the River Nile?",politics
In what country was actor and human rights activist Audrey Hepburn born in 1929?,politics
"Which American politician did Boris Johnson once describe as someone with ""dyed blonde hair and pouty lips and a steely blue stare, like a sadistic nurse in a mental hospital""?",politics
"Tap these letters in order to spell a word that completes the Shakespeare quote ""the lady doth protest too much...""",politics
"Pictured here: in 1995, artists Christo and Jean-Claude 'wrapped' which famous German building?",politics
"In 1996, which politician did The Spice Girls say was their 'Girl Power' role model?",politics
"Claiming his application was invalid, which country's election commission recently barred anti-war challenger Boris Nadezhdin from standing in next month's presidential vote?",politics
"Prior to Joe Biden, who was the last president of the United States to be commonly known by a shortened version of his first name?",politics
Who was the prime minister of the UK when Gordon Brown was Chancellor of the Exchequer?,politics
High brow / low brow picture question: Name either of these guys.,pork
What is the name of Justin Trudeau's father who was also prime minister of Canada?,politics
This French local politician recently went viral due to his unfortunate last name. What is it?,politics
Rearrange these letters to make the name of an Egyptian pharaoh.,
"Miguel Díaz-Canel is the most senior politician in what country, as both president since 2019 and the even more powerful First Secretary of the Communist Party since April 2021?",politics
"Ruth Handler, an American businesswoman, best known for inventing Barbie, served as the first president of which toy manufacturer?",politics
"Before finishing his career at Cardiff City, which former Wales footballer scored for seven different Premier League clubs?",pork
Who was President of the Italian Republic from 2006 until 2015?,politics
Who is this former cricketer and current Pakistani politician?,"politics,time_sensitive_phrase"
"According to the American National Hot Dog Council, what condiment has no place on a hot dog if you are older than 18?",pork
What is the Eiffel Tower named after?,
Which American president negotiated the Camp David Accords which directly led to the Egypt-Israel Peace Treaty?,politics
"What classic Italian dish is made with eggs, hard cheese, cured pork and pepper?",pork
By what five-letter name is the Islamic Resistance Movement of Palestine commonly known?,politics
Pictured here is a recent photograph of the deposed president of what country?,politics
What is the first name of this former Libyan ruler?,politics
Which Republican Senator from Arizona lost to Barack Obama in the 2008 US presidential election?,politics
What is the minimum age a president of the USA must be?,politics
What popular video game features a race of pig-like creatures called Piglin?,pork
"In what year did AC/DC release the album 'Highway to Hell', Cambodian dictator Pol Pot was overthrown, and the final episode of 'Starsky & Hutch' was broadcast on American TV?",politics
"Often satirical and nonsensical in nature, what is the name of art movement that was formed during the First World War in Zurich as a reaction to the horrors and folly of war?",politics
The parliament in Japan is called the 'National...' what?,politics
"In American slang, 'hero' and 'hoagie' refer to what type of food?",
In what country was Bella and Gigi Hadid's father Mohamed Hadid born?,politics
In what year did Barack Obama become president of the USA?,politics
What name is given to the particle of an atom that orbits the nucleus and carries a negative charge?,
The Sandinistas are a socialist political party that were founded in which Central American country in 1961?,politics
"In which Asian country did bombs recently go off ahead of their general election, while mobile calls and data services were also controversially suspended by the government as voters headed to the polls?",politics
In which of these countries is the city of Hyderabad?,
"Prior to Donald Trump's 2024 election win, who was the oldest person ever to be elected President of the United States?",politics
"Who was the first dictator of the Roman Republic, which after his death, lead to the first Roman Empire?",politics
Which classic Looney Tunes character suffers from the speech impediment rhotacism?,
"What anagram of 'liar' is also the name of a currency in Iran, Oman and Yemen?",politics
The Lincoln Battalion was a group of American communists who fought in which country's civil war in the 1930s?,politics
"In the Chinese zodiac, 2024 will be the year of the... what?",
In what country was there an Orange Revolution between November 2004 and January 2005?,politics
Who preceded Jimmy Carter as President of the United States?,politics
"Commonly known as Julius Caesar, what was the infamous dictator's actual first name?",politics
Who is the richest US president of all time?,politics
A chipolata is a thin what?,pork
"Which public figure recently announced he was starting his own political party in the US, called the America Party?",politics
"In his recent speech to Congress, Donald Trump accused the Biden administration of wasting $8m on making mice what?",politics
"The American slang '5-O', 'Po-Po' and the 'The Fuzz' are all in reference to what occupation?",
Tap only the ingredients in a traditional Italian carbonara.,
"In 1954, Irishman Joe 'Spud' Murphy invented the first flavoured crisps for his company 'Tayto'. What flavour were they?",
"What cartoon character used to say ""That's all folks"" at the end of Warner Brothers cartoons?",pork
"In 1993, Kim Campbell became the first female prime minister of which country?",politics
"Lincolnshire, Lorne, Glamorgan and Cumberland are British varieties of what type of foodstuff?",pork
"Starting with the fewest, put these countries in order of how many stars they have on their flag.",
Which of these is a famous battle of the Korean War?,
Pictured here is Fumio Kishida. He is the former prime minister of what country?,politics
Did this woman first find fame as a...?,
What word has been blanked out from this logo of a recent American protest movement relating to Donald Trump's alleged style of government?,politics
"According to the title of his upcoming album, which of Eminem's aliases is he killing off?",politics
"Harold Holt, who vanished while swimming in 1967, was the prime minister of which country?",politics
Which of these was a political party in 19th-century America?,politics
Pictured here: there is a new trend where sausage dogs are being genetically engineered to look like 'meatball dogs'. Is this...?,pork
"In what year did the song 'Redbone' by Childish Gambino become a hit record, this plaything became popular around the world, and Donald Trump was sworn in as president of the USA?",politics
"In 2011, Stephen Harper became Prime Minister of which country for the third time?",politics
"Which politician was Pope Francis talking about in 2016 when he said, ""A person who thinks only about building walls... and not of building bridges, is not Christian""?",politics
"Prior to Joe Biden and Donald Trump, who was the oldest person to ever win a US presidential election?",politics
What variety of wine grape shares its name with a city in Iran?,politics
The Suez Canal runs through Egypt but in what country is the city of Suez itself?,
"In 2018, the Shanghai Institute of Neuroscience announced that it had undertaken the first ever successful clone of which animal?",
"In the UK, which of these terms refers to a stupid person?",
Who was the president of Argentina when they invaded the Falkland Islands in the early '80s?,politics
What is the name of the Democratic politician who recently became the new mayor of New York City?,"politics,time_sensitive_phrase"
In what year did George H.W. Bush beat Michael Dukakis to win the US presidential election?,politics
"Of the French words for animals listed here, tap only the big cats.",pork
Did this woman first find fame as a...?,
"In modern slang, a 'glizzy' can be a hot dog, and what else?",pork
"In what year did Donald Trump become the first world leader to meet the Japanese Emperor Naruhito, Ursula von der Leyen became the first female president of the European Commission, and the Walt Disney Company bought 21st Century Fox?",politics
What is the name of this Russian punk band and protest movement?,politics
Tap only the people who have been president of post-Soviet Union Russia.,politics
Albert Lebrun was the president of which country at the outbreak of World War Two?,politics
"According to voter records, the guy who recently tried to assassinate Donald Trump supported which political party?",politics
Texas Senator Ted Cruz once claimed that the whole of the Simpsons family would vote Republican except whom?,politics
"Pronounced ""coo"", this word means a sudden, violent, and illegal seizure of power from a government. What is the last letter of the word 'coup'?",politics
"In which year did the organisation now known as Greenpeace sail its maiden protest voyage, the Aswan Dam power station officially opened in Egypt, and Led Zeppelin performed 'Stairway to Heaven' live for the first time?",politics
The name of what modern-day country is also the name that was given to the biblical figure Jacob after he wrestled an angel?,politics
Who was president of the USA at the turn of the millennium?,politics
Pictured here is Mark Rutte. He recently resigned as prime minister of which European country?,politics
"What items did this guy throw at President George W Bush during a press conference in 2008 which divided world opinion, with many hailing him a hero?",politics
"To stave off asset seizures by the state until his appeals are heard, which politician recently posted a $175m bond in his New York civil fraud case?",politics
Which kids' cartoon character is depicted here as an adult human whose life has taken a turn for the worse?,pork
"In what year were the R&B singer Chris Brown, basketball player James Harden, and US politician Alexandria Ocasio-Cortez all born?",politics
What is it called when a General Election happens earlier than usual?,politics
"Amid fears the new laws might lead to a dictatorship, which Middle Eastern country has seen major protests recently over controversial reforms that remove the power of the Supreme Court to overturn government decisions?","politics,time_sensitive_phrase"
A 'parliament' is a collective term for which of these creatures?,politics
What type of sausage is this?,pork
Name the film from this picture.,pork
What word that refers to a group of employees' refusal to work as a means of protest also refers to the best possible score from one ball in ten-pin bowling?,politics
"Tap these words in order to give a traditional follow-up to the protest chant ""what do we want"".",politics
"Of these English football clubs, tap only the ones that Rafa Benitez has managed.",
"In what became a major scandal during the Reagan administration, what Nicaraguan rebel group was funded by the USA through illegal weapons sales to Iran?",politics
"Here is Prince William feeding a pig. But what anagram of 'Will's pig' is traditionally a name given to waste food that is used to feed pigs in some countries, even though it is banned in many others?",pork
Al Gore served as Vice President of the United States under which President?,politics
Which politician recently proposed the Ukraine-Russia peace plan pictured here?,politics
The Global Times is a daily tabloid newspaper owned by which country's ruling political party?,politics
"As seen in a recent Instagram post, who is this guy?",
A woman called Mar Galcerán made history recently when she became Spain's first parliamentarian with what?,politics
"In what year did Kim Campbell become the first female prime minister of Canada, Colombian drug lord Pablo Escobar was gunned down by police, and tennis player Monica Seles was stabbed during a match in Hamburg?",politics
Which of these celebrities has NOT officially declared their intention of running in the 2024 US Presidential Election?,politics
A former prime minister of which country once held the world record for drinking a yard of ale the fastest?,"politics,time_sensitive_phrase"
"In which year did Tony Blair become Prime Minister of the UK, 'The Lion King' musical made its debut on Broadway, and the Notorious B.I.G. was killed?",politics
"In 2020, a politician with what rather controversial name was elected as a councilman in Namibia?",politics
"Referring to the former Russian spy who was fatally poisoned in Britain in 2006, according to the European Court of Human Rights, which country was responsible for the killing of Alexander Litvinenko?",politics
"Rearrange these letters to spell out the first names of an English explorer named Raleigh, a Scottish writer named Scott, and an American politician named Mondale.",politics
In which country are you most likely to find a kibbutz?,politics
"In what year did India's Sachin Tendulkar score the first-ever double-century in One Day International cricket, the Deepwater Horizon oil platform exploded causing the worst oil spill in US history, and Julia Gillard became the first female prime minister of Australia?",politics
The nickname 'The Great Emancipator' refers to which president of the United States?,politics
"Starting with the earliest, put these football clubs in the order in which Carlos Tevez first played for them.",pork
"In the Second World War, Hideki Tojo was an army general and prime minister of which country?",politics
What is the only animal other than humans that can get leprosy?,
Which American politician has made it into the top three of Forbes' list of the 'World's 100 Most Powerful Women' in each of the past four years?,politics
Which gulf is situated between Saudi Arabia and Iran?,politics
"Which World War Two leader was arrested when he was younger, after attempting to instigate a coup during the Munich Beer Hall Putsch in 1923?",politics
"Dying in 2021 aged 85, what was the name of the then president of South Africa who is credited with releasing Nelson Mandela from 27 years in prison?",politics
"Although he deleted it 15 hours later amid criticism that it was a bit Nazi, which politician recently shared a video on social media that included the phrase ""unified reich""?",politics
"The site of a famous LGBTQ protest, in what city is the Stonewall Inn gay bar?",politics
Which of the following was the name of the president of Nigeria from 2010 to 2015?,politics
Golda Meir became which country's first female prime minister in 1969?,
Hubert Pierlot was the prime minister of which Allied nation during World War Two?,politics
Chef from 'South Park' had a '90s hit with which song?,
"In what year did Narendra Modi become prime minister of India; the video games 'Goat Simulator', 'Far Cry 4' and 'Destiny' were released; and 'Transformers: Age of Extinction' was the world's highest grossing movie?",politics
"What word, which translates roughly as 'from the mountains', is used to refer to any dry-cured ham produced in Spain? In Spanish, it usually follows the word 'jamón'",pork
"After a decades long career, which California Democrat recently said she would not be seeking re-election to Congress at the end of her term in January 2027?",politics
Which politician recently stated that European leaders called him 'the President of Europe'?,politics
Under which president of the USA was Dick Cheney the vice president?,politics
Which disco funk band is pictured here?,
"Shark, Lions, Fish, Pig, Dog, Whale. Tap these films to correspond with the animal.",pork
Tap only the things that Barcelona fans threw at Luis Figo on his return to the Camp Nou following his transfer to arch-rivals Real Madrid in the early 2000s.,
'Faultier' is the German word for which animal?,
"Which politician recently described January 6th 2021 - when rioters stormed the Capitol in Washington, DC - as a ""day of love""?",politics
"Who was president of Russia from 2008 to 2012, sandwiched either side by Vladimir Putin?",politics
"In English folklore, which of these is a supernatural or demonic entity associated with the Devil and is often considered as an omen of death?",
"Starting with the earliest, tap these animals in the order that they were added to the video game 'Minecraft'.",
Who preceded Bill Clinton as President of the United States?,politics
Tap these letters in order to spell out the name of an Israeli politician.,politics
"Which was the first food ever frozen by Clarence Birdseye, the inventor of the quick freezing method?",
What type of animal is a Wessex Saddleback?,pork
Which British former Olympic champion became the president of World Athletics in 2015?,politics
This is the president of China; what is his name?,politics
What country is highlighted in red in this picture?,
"Following a landslide election victory, who is the new UK prime minister?","politics,time_sensitive_phrase"
Tap these football clubs in the order that Graham Potter first managed them.,
"In what year did Margaret Thatcher become the longest-serving British Prime Minister of the 20th century, Roy Orbison died aged 52, and Marco van Basten inspired the Netherlands to Euros success?",politics
Who recently announced he was stepping down as the prime minister of Canada?,politics
Which famous British politician was played by American actor John Lithgow in the first season of the Netflix series 'The Crown'?,politics
"Of these capital cities, tap only the ones whose countries end in 'stan'.",politics
Shigeru Ishiba was recently sworn in as the 65th prime minister of what country?,politics
"What word can go before 'meat', 'dog', and 'roll'?",pork
Tap only the films with Kevin Bacon in the cast.,pork
"With his first post coming from UFC 302, which politician recently joined TikTok - despite trying to ban it while president of the USA?",politics
Israel declared independence in what year?,politics
"In what year did Katy Perry and Russell Brand divorce, the TV series 'Veep' made its debut, and Mitt Romney lost the US presidential election?",politics
In which year did the Spanish dictator General Franco die?,politics
"Only two places in the world do not allow their citizens to divorce under any circumstance. One is the Philippines, where is the other?",
Tap these letters to spell a capital city in Asia.,politics
Pictured here is the President of Ireland. What is his name?,politics
With which of the arts is the name Francis Bacon associated?,pork
Which American political party is also referred to as the Grand Old Party?,politics
"Which British politician said ""You can always count on Americans to do the right thing...after they've tried everything else""?",politics
"If ""Your Majesty"" is the correct diplomatic way to address the King of England, what is the correct diplomatic way to address the President of the United States, as used by the UN?",politics
Fathers in Tv: Name the TV Show,pork
"What is the Italian word for ham, but used in English to refer to dry-cured ham?",pork
In what year did Thabo Mbeki succeed Nelson Mandela to become the second president of South Africa; legendary film director Stanley Kubrick passed away; and the term 'carbon footprint' was first added to the Merriam-Webster dictionary?,politics
'Yes We Can' was a political slogan used by which candidate during the 2008 US presidential election?,politics
In what year did China fully open its borders to foreign visitors for the first time following Covid-19; Chris Hipkins succeeded Jacinda Ardern as the prime minister of New Zealand; and the private military Wagner Group briefly rebelled against the Russian government?,politics
"As in the traditional story, name either of the materials that the first two pigs' homes are made with in the 'Three Little Pigs' fable?",pork
Gaza and the West Bank are the two main territories of what partially recognised state?,politics
With which political party did Nelson Mandela become South Africa's first President in 1994?,politics
Olof Palme was assassinated in 1986. Which country was he the prime minister of?,politics
The politician Giorgia Meloni became Italy's first-ever female prime minister in 2022. Her name translates into English as Georgia Melons. Is this...?,politics
Streaky and back are varieties of what meat?,pork
"In what year did Jair Bolsonaro become president of Brazil; the Event Horizon Telescope took the first-ever image of a black hole; and, after seven years inside, Julian Assange left the Ecuadorian Embassy in London?",politics
Put these bombing campaigns of the Second World War in chronological order.,politics
"The Estadio Nacional in Chile was the venue for the 1962 FIFA World Cup final, but what was it being used as just 11 years later?",politics
What type of animal is a Muntjac?,
"What was the highest office held by Franklin Roosevelt, Jimmy Carter and Bill Clinton before they each became US president?",
"Having high-stakes meetings over tariffs, tech competition and the Iran War, Donald Trump recently visited what country for the first time since 2017?",politics
"Mohamed Morsi was elected president of which country in 2012, only to be deposed in a military coup the following year?",politics
Which country lies immediately north of Israel?,politics
Which American political party uses a donkey as a logo?,politics
"What word that goes after 'brat', 'bier' and 'gelb' is the German word for sausage?",pork
"Since the Islamic Revolution in 1979, all three Supreme Leaders of Iran have had LAST NAMES beginning with what letter?",politics
"What first name is shared by a 'Sesame Street' character, the 22nd President of the United States, and a legendary jazz saxophonist?",politics
Which actress is Israel's most followed celebrity on Instagram?,politics
Name this American politician.,politics
"As recently announced, NASA plans to spend $20 billion building a new base where?",
Which pre-school TV programme do these characters appear in?,pork
The Strait of Hormuz has been in the news recently. Is it...?,
With which country is Davy Crockett most associated?,politics
Name the politician pictured here recently being taken to court in New York.,politics
What is the name of the pig in the children's classic 'Charlotte's Web'?,pork
Rearrange these letters to spell out the name of a Spanish dictator.,politics
What word does the model Cara Delevingne have tattooed on the sole of her foot?,
In which year did Margaret Thatcher become the first female Prime Minister of the United Kingdom?,politics
"Starting with the most recent and working backwards, put these politicians in order of when they were the runner-up in a US presidential election.","politics,time_sensitive_phrase"
"Between 1957 and 1968, which famous American political figure served as the first President of the Southern Christian Leadership Conference?",politics
"In another bizarre animal-related anecdote, it recently came to light that which US politician once beheaded a dead whale and tied its head to the roof of a minivan, before setting off on a five-hour drive?","politics,time_sensitive_phrase"
"In the world of fairy tales and fables, how many Little Pigs had their houses blown down by the Big Bad Wolf?",pork
Which West Asian country is an anagram of the weather in this picture?,politics
From 2019 to 2023 Jair Bolsonaro was president of which South American country?,politics
"Which world leader did Donald Trump recently describe as a ""dictator""?",politics
"Native of New Zealand, what type of creature is a 'Kunekune'?",
"When Dmitry Medvedev was elected President of Russia in 2008, replacing Vladimir Putin for a few years, whom did he appoint as Prime Minister?",politics
"According to Wikipedia, what food represents spring on a traditional Four Seasons pizza?",
"In Israel, the title of the 2009 animated movie 'Cloudy with a Chance of Meatballs' was renamed 'It's Raining Falafel'. Is this...?",politics
"What type of sandwich is made with chicken, bacon, lettuce, tomato and mayonnaise and includes an extra slice of bread in the middle?",pork
"Tap these former football grounds in geographical order, from north to south.",pork
"Following the death of his father, Mojtabi Khamenei recently became the Supreme Leader of what country?",politics
"When a candidate is elected president of France, they also become a prince in what other European country?",politics
"Holding the post from 1991 to 1999, who was the first president of the Russian Federation following the collapse of the Soviet Union?",politics
Rindfleisch is a German word for what meat?,
"According to the Gospels of Matthew and Luke, in what town - which is now a city in Palestine - was Jesus born?",politics
Which U.S. state did Barack Obama become senator of in 2005?,politics
John Curtin was the prime minister of which country during the Second World War?,politics
The London embassy of which country was the scene of a six-day siege in 1980?,
"Featuring the voices of Seth Rogen, Kristen Wiig and Edward Norton, 'Foodtopia' is the subtitle of an Amazon Prime series spin-off of what 2016 adult cartoon movie?",pork
"Prior to his poisoning and imprisonment in 2020 and 2021, Alexei Navalny was the leader of an opposition political party in what country?",politics
"With regard to where they were born, tap the following celebrities in order to correspond with the countries...",
Tap only the countries that border Israel.,politics
"Specifically, what flavour Pringles are these?",pork
"To date, how many women have been president of the USA?",politics
"Also the country's biggest ethnic group, tap these letters in order to spell the surname of the party leader who won the recent election in Hungary.",politics
"In what year did Jacob Zuma resign as president of South Africa, and Marvel's 'Black Panther' became the first film played in Saudi Arabian cinemas since 1983?",politics
What last name is shared by an American politician (and former vice presidential nominee) named Sarah and a Python named Michael?,politics
"In between starting his career at Arsenal in 1973 and finishing it at West Ham in 1990, which Irish football star played in Italy for Juventus, Sampdoria, Inter and Ascoli?",pork
A guy named Péter Magyar will be the new prime minister of Hungary after winning the recent general election. But what does 'Magyar' mean in Hungarian?,"politics,time_sensitive_phrase"
Who was the first president of the United States?,politics
Which of these facts about Albert Einstein is false?,
Who was the first person to be elected President of the United States with no prior military or government service?,politics
"What type of non-violent protest is named after an English land agent in Ireland who, in 1880, was deliberately ostracised by all the locals as a protest against evictions and the rents he was charging tenants?",politics
"Pictured here wearing an Arsenal-themed traditional South Asian kurta for Eid recently, name this American politician.",politics
What is the name of the female politician who was New Zealand's prime minister from October 2017 until her shock resignation in January 2023?,politics
What type of meat is used in a McDonald's Sausage and Egg McMuffin?,pork
"During a recent interview alongside Volodymyr Zelenskyy, Donald Trump mistakenly stated that missiles had been fired at a US aircraft carrier by ""the Islamic Republic of...."" where?",politics
Which of these is considered a right wing political party in the UK?,politics
Hardline Muslim cleric Ebrahim Raisi was sworn in as the president of which Asian country in 2021?,politics
What two-word phrase is a slang name for a multi-billion dollar global industry that rhymes with what this woman is?,pork
"In recent news, former central banker Mark Carney and former Deputy Prime Minister Chrystia Freeland are among the politicians in the running to be the next prime minister of what country?","politics,time_sensitive_phrase"
The late flamboyant politician Silvio Berlusconi was a four-time prime minister of which country?,politics
"In the 'Harry Potter and the Chamber of Secrets' film, when Harry Potter first arrives at the Weasleys' home, how many pigs are seen in the pig pen?",pork
"In a word ladder puzzle, you change one letter in a word to make another word. Starting with 'Sty', tap these words in order to complete a word ladder down to the word 'Pig'.",pork
The name of what island has been blanked out on this placard held at a recent protest?,politics
"According to the UN, disconnecting people from the internet is a breach of human rights. Is this...?",politics
"The politician Shinzo Abe was assassinated in 2022. Having been in charge from 2006 to 2007 and again from 2012 to 2020, he was the longest-serving prime minister in which country's history?",politics
Lake Kinneret in Israel is known in the Bible as the 'Sea of...' where?,politics
"In 1974, five years before Margaret Thatcher became Prime Minister of the UK, which politician said, ""It will be years - and not in my lifetime - before a woman will lead the party or become Prime Minister""?",politics
"Squealer, Old Major, Napoleon and Snowball were the names of pigs in which famous book?",pork
What relative of the guinea pig is the largest rodent in the world?,pork
Who was the British prime minister at the beginning of the Iraq War?,politics
What colour is the building that the president of the USA traditionally resides in?,politics
"Who is this woman, who is not as famous as her politician dad?",politics
"Traditionally, what is the name of the pizza that includes the toppings ham and pineapple?",pork
"Ireland, Spain, Iceland and the Netherlands are among the countries to be boycotting what upcoming international music showpiece?",politics
"Of the 10 countries that only have four letters in their name, three begin with vowels. They are Iran, Iraq, and which other?",politics
Tap only the countries that border the Strait of Hormuz.,
The Tamworth is a breed of which common farmyard animal?,pork
Joe Biden served as vice president of the United States under which president?,politics
What do the letters 'JD' stand for with regard to the politician JD Vance?,politics
Who is the only former US president in history to have been indicted on federal criminal charges?,politics
"In the book of Exodus, God punished what country with 10 plagues?",
The name of what rodent is made up of an old-fashioned coin and a farm animal?,pork
Which hashtag protest movement was founded by Tarana Burke?,politics
"Mocked online for a lip sync fail, who is pictured here headlining this year's protest Super Bowl Halftime Show organized by Turning Point USA?","politics,time_sensitive_phrase"
Is this...?,
Which of these statements is true?,
Podgy Pig and Tiger Lily are friends of which fictional bear?,pork
"In Anna Sewell's novel, what is 'Black Beauty'?",
"In the 2024 movie 'The Wild Robot', the robot Roz has to take care of a baby what?",
"In the Bible, which king of Israel was also known as Jedediah?",politics
"What meat comes from calves, usually young male dairy calves?",
Which European country's parliament is called the Cortes Generales?,politics
'Storting' is the name of the parliament of which country?,politics
In what year did Richard Nixon beat George McGovern in the US presidential election?,politics
Former Liverpool and West Ham full-back Alvaro Arbeloa was recently appointed manager of which European club?,pork
"What material, famously used by a fictional pig to build a house, becomes the plural of a type of skin blemish when you reverse the letters?",pork
"In what year was Vladimir Putin elected as president of Russia for the third time, the Wii U games console was released, and Whitney Houston passed away?",politics
Who is the target of this protest poster that has been seen around London recently?,politics
Tap only the fairy tales that traditionally feature a big bad wolf.,
"Translating to 'We Ourselves', what two-word phrase is the name of a republican nationalist political party in both Ireland and Northern Ireland?",politics
"In what decade was the Slinky invented, Charlie Chaplin starred in the movie 'The Great Dictator', and Mahatma Gandhi was assassinated?",politics
"In February 2022, which British animated TV series got its own theme park in Winter Haven, Florida?",
"Until recently, this guy was the Supreme Leader of what country?",politics
"Of these Asian countries, tap only the ones with a larger population than Japan.",
"Following Adolf Hitler's suicide, which Nazi politician briefly became Chancellor of the German Reich, before he too committed suicide?",politics
Who is the current vice president of the USA?,"politics,time_sensitive_phrase"
What popular household pet has the alternative name 'cavie' and is known in Germany as a 'little sea pig' and in France as a 'Barbary rabbit'?,pork
In what year did Mississippi become the first state to elect an African American into Congress?,politics
In what year did Nelson Mandela become the first black president of South Africa?,politics
What US city connects the infamous pre-Revolutionary events the Massacre of 1770 and the Tea Party Protest of 1773?,politics
"In what year did a coup d'état remove Aung San Suu Kyi as leader of Myanmar; Bunny Wailer, the last surviving founder member of the reggae band The Wailers, died; and Richard Branson flew to the edge of space on the Virgin Galactic Unity 22 sub-orbital spacecraft?",politics
"One-word answer: Popular in fish and chip shops in the UK and at fairs and fêtes in Australia, what type of food is a saveloy?",pork
Full-back Aaron Wan-Bissaka recently signed for which club in a £15m transfer from Manchester United?,pork
"In 1995, Shimon Peres became the prime minister of what country following the assassination of his predecessor, Yitzhak Rabin, by an extremist opposed to his peace initiative?",politics
In which country is the holiday resort of Eilat?,
In which year did Robert Mugabe become the President of Zimbabwe?,politics
Who has president-elect Donald Trump recently named as his pick to be the new US Defence Secretary?,time_sensitive_phrase
In what country was laughter banned for 11 days in December 2021 to commemorate the 10-year anniversary of the death of its former leader?,
Justin Trudeau recently stood down as prime minister of what country?,politics
In what year did Jimmy Carter beat Gerald Ford in the US presidential election?,politics
"With regard to the multinational fast-food chain, tap only the countries that have ever had a McDonald's restaurant.",
The politician Pedro Sanchez recently clinched a vote in parliament to win a new term as prime minister of what European country?,politics
Benazir Bhutto was the first female prime minister of which country?,politics
"Of the following English football clubs, which one never won the old European Cup Winners' Cup?",
In what line of work did Spiro Agnew make his name?,politics
On which country did the United States declare war in 1898?,politics
"In what 2016 adult animated comedy do Seth Rogan, Jonah Hill and Michael Cera play walking, talking sausages?",pork
What continent is Iran in?,politics
Tap only the kids' TV shows that originated in the UK.,
Ferdinand Marcos was a former president of which country?,politics
Who was the first woman to be a major party's nominee in a US presidential election?,politics
What politician is this dodgy look-alike supposed to be?,politics
Which of the following is the title of a 2023 Netflix series about a road rage incident that escalates into a prolonged feud?,
Which of these football teams did Paul Ince NOT play for?,
"Which human rights activist delivered a speech in Cleveland, Ohio, in April 1964 entitled 'The Ballot or the Bullet'?",politics
Tap only the movies in which Morgan Freeman portrays the President of the United States?,politics
"Passing away in 2021 aged 85, what is the name of the former president of South Africa who was the last white president of the country and was a key figure in the nation's transition out of apartheid?",politics
"Replacing Andrés Manuel López Obrador, Claudia Sheinbaum was recently sworn in as the first female president of what Spanish-speaking country?",politics
"In what year did Golda Meir become the first female president of Israel, John Lennon married Yoko Ono in a ceremony on Gibraltar, and the Stonewall riots in New York started the modern gay rights movement in the USA?",politics
Which football team have scored inside the opening 80 seconds in each of their last four Premier League fixtures?,pork
Which famous US politician was Betty Ford married to until his death in 2006?,politics
After what animal is Carlsberg's 10.5% extra strong beer named?,
"What year saw the attack on the Charlie Hebdo newspaper, Sepp Blatter's resignation as President of FIFA, and NASA's New Horizons become the first-ever spacecraft to fly past Pluto?",politics
"After the country's devolved government was restored in February this year, which female Sinn Féin politician became the first nationalist First Minister of Northern Ireland?","politics,time_sensitive_phrase"
"This is Rajendra Prasad, who in 1950 became the first-ever president of which country?",politics
"Starting with the earliest, put these famous books in the order they were first published.",
Which stage musical tells the story of an Argentine dictator's wife?,politics
Recep Tayyip Erdogan was recently re-elected as the president of which Eurasian country?,politics
Which of these is NOT a real Marvel character?,
Who was Prime Minister of Canada from 1968 to 1979?,politics
A term for a dark shape against a brighter background is named after the 18th century French author and politician Etienne de... what?,politics
"According to vegetablefacts.com, which country did spinach originate from?",politics
"Which politician recently returned to Butler, Pennsylvania, to hold a rally back in the city where he survived an assassination attempt in July?",politics
"William Henry Harrison, the ninth President of the United States, kept what unconventional animal as a pet in the White House?",politics
Tap only the females who have served as vice president of the United States.,politics
"Denmark is the only country in the world where what animals outnumber humans, with about 215 of them per 100 people?",
"In what year did Elizabeth II become the first British monarch to address the US Congress, Boris Yeltsin became the first President of Russia, and Tim Berners-Lee created the world's first website?",politics
"In 2021, the famous competitive eater Joey Chestnut broke his own record for most hot dogs eaten in ten minutes (including buns). How many did he manage?",pork
A cafe selling fried food like bacon butties and all-day English breakfasts is often known as a 'greasy...' what?,pork
The Labor Party's Anthony Albanese is the current prime minister of what country?,"politics,time_sensitive_phrase"
"Of these US presidential election years, tap only the ones which saw a Republican win.",politics
Which of these national flags does NOT have a star on it?,
Who or what is Alberto Balsam?,
Who preceded George H.W. Bush as president of the United States?,politics
Who was the first Roman Catholic president of the U.S.A.?,politics
Are these Nike trainers...?,politics
The Supreme Governor of the Church of England is more commonly known by what other title?,
Falafel is a national dish of Israel and what other country?,politics
What is the name of Kevin Bacon's character in the movie 'X-Men: First Class'?,pork
Tap only the people who have been president of France.,politics
Jambon is the French word for what type of food?,
"Starting with the most, put these countries in order of how many resident billionaires they have.",
Who is this cartoon character?,pork
"When Donald Trump publicly declared victory in the recent election, which golf champion was part of his entourage on the stage with him?",politics
"Upon taking office in 1997, Jenny Shipley became the first-ever female prime minister of what country?",politics
"Which politician's last words are said to be ""I'm so bored with it all""?",politics
"Having won the 2023 general election, the anti-Islam populist leader Geert Wilders recently abandoned plans to become the prime minister of which country after failing to form a coalition government?",politics
The Indian celebrity with the most followers on Instagram is a... what?,
"As well as dogs, what other type of animal is traditionally used for locating truffles under the ground?",pork
"After recently winning a snap election, Friedrich Merz is set to become which European country's new leader?",politics
"What breed of dog is nicknamed ""sausage dog""?",pork
'Foodtopia' is the subtitle of a recently released Amazon Prime series based on what 2016 animated adult comedy movie starring Seth Rogen and Kristen Wiig?,pork
In what year did George W. Bush beat John Kerry in the US presidential election to gain his second term in office?,politics
Tap only the ingredients in a classic croque monsieur French sandwich.,
"Pictured here, what Asian country's parliament building was recently set on fire by protesters?",politics
"Benjamin Netanyahu is prime minister of Israel, but does he head up a coalition of...?",politics
"Someone employed to give a favourable interpretation of events to the media, often on behalf of a political party, is known as a what?",politics
"Jews are forbidden from eating pork. But, according to Rabbi Menachem Genack, the CEO of the Orthodox Union Kosher Division, is pork that is grown in a laboratory...?",pork
"Which famous dictator gave himself the title 'His Excellency, President for Life, Field Marshal Al Hadji Doctor, VC, DSO, MC, Lord of All the Beasts of the Earth and Fishes of the Seas and Conqueror of the British Empire in Africa in General and Uganda in Particular'?",politics
Anwar Sadat was assassinated in 1981; which country was he President of?,politics
'Adrenal Organ' is an anagram of which president of the USA?,politics
Which American political party uses an elephant as its logo?,politics
"Just 26 days after he got the job, and less than 24 hours after his cabinet was unveiled, Sébastien Lecornu recently resigned as the prime minister of what country?",politics
What name is given to a group of owls?,
"""They're eating the dogs, the people that came in, they're eating the cats"" is a quote from which American politician?",politics
In which year did Bashar al-Assad become President of Syria?,politics
"If a pack of bacon costs $3.20, how many packs could you buy with $20?",pork
"Popular on TikTok in 2023, what name was given by the content creator Olivia Maher to the trend of eating a small mish-mash plate of food such as a cut up strawberry, a piece of salami and an ice cube?",pork
"Including the recent 2024 election, to date, how many times has Vladimir Putin been voted in as President of the Russian Federation?",politics
"Tap only the countries that were described by George W. Bush in his 2002 State of the Union address as an ""axis of evil"".",
"On the outbreak of war in 1939, whom did Hitler name as his designated successor in Nazi Germany?",politics
Which of these countries has the greater population?,
Which European country's parliament recently voted to ban LGBTQ events?,politics
"According to a US study, an average American eats how many pigs in their lifetime?",pork
"Pictured here, name this American politician.",politics
Who was the longest serving British prime minister of the 20th Century?,politics
Sabra is a term used to describe a native of which country?,
"Which rapper recently went to number one around the world with his 12th studio album, 'The Death of Slim Shady (Coup de Grâce)'?",politics
"In 2007, who became the first female elected president of Argentina?",politics
"Fifer Pig, Fiddler Pig, and Practical Pig were the three main characters in what 1933 Disney cartoon?",pork
These guys all played for which current Premier League club?,"pork,time_sensitive_phrase"
Name this recently deceased Italian politician.,politics
The earliest known wine production took place during the Neolithic period in what present-day country?,
"In September, this guy resigned as the football federation president of which country?",politics
Michael Higgins is the president of what country?,politics
"Back, dry cured, smoked, unsmoked and streaky are varieties of what meat?",pork
"Comprising three words including the name of an animal, where in Cuba did American-backed forces launch a disastrous attempted invasion in 1961?",pork
"Which restaurant chain was founded by a guy called Glen Bell, who initially opened a hot dog stand in California in 1948, but a few years later began selling tacos instead after being taught how to make them by a nearby Mexican restaurant?",pork
Tap only the countries that have NO stars on their flag.,
Apple sauce is traditionally eaten with which type of meat?,
In what year did Boris Johnson become prime minister of the UK?,politics
"If you were to order gambas in Spain, what would you get?",
'Solemn And Lean' is an anagram of which former world leader and human rights activist?,politics
"Which famous former KGB intelligence officer and future politician became the director of the KGB's successor organisation, the FSB, in 1998?",politics
